{
  "experiment_name": "circulo_en_toro",
  "n": 20,
  "dim": 2,
  "lipschitz_constant": 1.0,
  "X_shape": [
    10,
    3
  ],
  "Y_shape": [
    20,
    3
  ],
  "timestamp": "2025-11-21T17:44:28.700238",
  "cone": {
    "X": [
      [
        2.0,
        1.0,
        0.0
      ],
      [
        2.0,
        0.8090169943749475,
        0.5877852522924731
      ],
      [
        2.0,
        0.30901699437494745,
        0.9510565162951535
      ],
      [
        2.0,
        -0.30901699437494734,
        0.9510565162951536
      ],
      [
        2.0,
        -0.8090169943749473,
        0.5877852522924732
      ],
      [
        2.0,
        -1.0,
        1.2246467991473532e-16
      ],
      [
        2.0,
        -0.8090169943749476,
        -0.587785252292473
      ],
      [
        2.0,
        -0.30901699437494756,
        -0.9510565162951535
      ],
      [
        2.0,
        0.30901699437494723,
        -0.9510565162951536
      ],
      [
        2.0,
        0.8090169943749473,
        -0.5877852522924734
      ]
    ],
    "Y": [
      [
        2.0,
        1.0,
        0.0
      ],
      [
        2.0,
        0.8090169943749475,
        0.5877852522924731
      ],
      [
        2.0,
        0.30901699437494745,
        0.9510565162951535
      ],
      [
        2.0,
        -0.30901699437494734,
        0.9510565162951536
      ],
      [
        2.0,
        -0.8090169943749473,
        0.5877852522924732
      ],
      [
        2.0,
        -1.0,
        1.2246467991473532e-16
      ],
      [
        2.0,
        -0.8090169943749476,
        -0.587785252292473
      ],
      [
        2.0,
        -0.30901699437494756,
        -0.9510565162951535
      ],
      [
        2.0,
        0.30901699437494723,
        -0.9510565162951536
      ],
      [
        2.0,
        0.8090169943749473,
        -0.5877852522924734
      ],
      [
        -1.4795836620316627,
        1.559848776897478,
        -0.9886931925969835
      ],
      [
        0.9612505793340644,
        -0.4764289884117275,
        0.37466746581031546
      ],
      [
        -1.6271009448643825,
        -2.0670411938551956,
        -0.776098676547682
      ],
      [
        0.7395012878318739,
        -1.503250447699222,
        -0.9458164419739025
      ],
      [
        -2.652985325181925,
        0.9851022922060342,
        0.5578008115833917
      ],
      [
        0.4259103423471329,
        2.9577850587902264,
        -0.15257107112263163
      ],
      [
        -1.9493852847595288,
        -0.6960824072625887,
        -0.9975515029856374
      ],
      [
        2.0482054870006188,
        0.8683238950573204,
        -0.9744361784429637
      ],
      [
        1.2621611607335157,
        -2.3790641121735123,
        0.720804092481487
      ],
      [
        -0.7095103126229234,
        -0.7715646052021223,
        0.30670985277358653
      ]
    ],
    "f": [
      0,
      1,
      2,
      3,
      4,
      5,
      6,
      7,
      8,
      9
    ],
    "dgm_coker": [
      [
        [
          0.0,
          0.39413198828697205
        ],
        [
          0.0,
          1.111320972442627
        ],
        [
          0.0,
          1.4256354570388794
        ],
        [
          0.0,
          1.4829037189483643
        ],
        [
          0.0,
          1.6979886293411255
        ],
        [
          0.0,
          1.7221447229385376
        ],
        [
          0.0,
          1.801134467124939
        ],
        [
          0.0,
          2.0245614051818848
        ],
        [
          0.0,
          2.304347515106201
        ],
        [
          0.0,
          2.5068373680114746
        ]
      ],
      [
        [
          2.516735792160034,
          3.515450954437256
        ]
      ]
    ],
    "dgm_ker": [
      [
        [
          0.5618670582771301,
          0.6180340051651001
        ]
      ],
      [
        [
          1.84369695186615,
          1.9021130800247192
        ]
      ]
    ],
    "dgm_cone": [
      [
        [
          0.0,
          0.39413198828697205
        ],
        [
          0.0,
          1.111320972442627
        ],
        [
          0.0,
          1.4256354570388794
        ],
        [
          0.0,
          1.4829037189483643
        ],
        [
          0.0,
          1.6979886293411255
        ],
        [
          0.0,
          1.7221447229385376
        ],
        [
          0.0,
          1.801134467124939
        ],
        [
          0.0,
          2.0245614051818848
        ],
        [
          0.0,
          2.304347515106201
        ],
        [
          0.0,
          2.5068373680114746
        ],
        [
          0.0,
          null
        ]
      ],
      [
        [
          2.516735792160034,
          3.515450954437256
        ],
        [
          0.5618670582771301,
          0.6180340051651001
        ]
      ],
      [
        [
          1.84369695186615,
          1.9021130800247192
        ]
      ]
    ],
    "dgm_cylinder": [
      [
        [
          0.0,
          0.39413198828697205
        ],
        [
          0.0,
          0.5618670582771301
        ],
        [
          0.0,
          0.6180340051651001
        ],
        [
          0.0,
          0.6180340051651001
        ],
        [
          0.0,
          0.6180340051651001
        ],
        [
          0.0,
          0.6180340051651001
        ],
        [
          0.0,
          0.6180340051651001
        ],
        [
          0.0,
          0.6180340051651001
        ],
        [
          0.0,
          0.6180340051651001
        ],
        [
          0.0,
          0.6180340051651001
        ],
        [
          0.0,
          1.111320972442627
        ],
        [
          0.0,
          1.4256354570388794
        ],
        [
          0.0,
          1.4829037189483643
        ],
        [
          0.0,
          1.6979886293411255
        ],
        [
          0.0,
          1.7221447229385376
        ],
        [
          0.0,
          1.801134467124939
        ],
        [
          0.0,
          2.0245614051818848
        ],
        [
          0.0,
          2.304347515106201
        ],
        [
          0.0,
          2.5068373680114746
        ],
        [
          0.0,
          null
        ]
      ],
      [
        [
          2.516735792160034,
          3.515450954437256
        ],
        [
          0.6180340051651001,
          1.84369695186615
        ]
      ],
      []
    ],
    "dgm_X": [
      [
        [
          0.0,
          0.6180340051651001
        ],
        [
          0.0,
          0.6180340051651001
        ],
        [
          0.0,
          0.6180340051651001
        ],
        [
          0.0,
          0.6180340051651001
        ],
        [
          0.0,
          0.6180340051651001
        ],
        [
          0.0,
          0.6180340051651001
        ],
        [
          0.0,
          0.6180340051651001
        ],
        [
          0.0,
          0.6180340051651001
        ],
        [
          0.0,
          0.6180340051651001
        ],
        [
          0.0,
          null
        ]
      ],
      [
        [
          0.6180340051651001,
          1.9021130800247192
        ]
      ],
      []
    ],