{
  "experiment_name": "circulo_en_toro",
  "n": 50,
  "dim": 2,
  "lipschitz_constant": 1.0,
  "X_shape": [
    10,
    3
  ],
  "Y_shape": [
    50,
    3
  ],
  "timestamp": "2025-11-21T16:42:58.630235",
  "cone": {
    "dgm_coker": [
      [
        [
          0.0,
          0.1651710420846939
        ],
        [
          0.0,
          0.20816951990127563
        ],
        [
          0.0,
          0.28013551235198975
        ],
        [
          0.0,
          0.34627896547317505
        ],
        [
          0.0,
          0.40664589405059814
        ],
        [
          0.0,
          0.41931310296058655
        ],
        [
          0.0,
          0.4642399251461029
        ],
        [
          0.0,
          0.5366326570510864
        ],
        [
          0.0,
          0.5634757280349731
        ],
        [
          0.0,
          0.5641396045684814
        ],
        [
          0.0,
          0.5651317834854126
        ],
        [
          0.0,
          0.5804272294044495
        ],
        [
          0.0,
          0.6059426069259644
        ],
        [
          0.0,
          0.6224814057350159
        ],
        [
          0.0,
          0.6472533345222473
        ],
        [
          0.0,
          0.6606664061546326
        ],
        [
          0.0,
          0.662577211856842
        ],
        [
          0.0,
          0.715340793132782
        ],
        [
          0.0,
          0.8059864044189453
        ],
        [
          0.0,
          0.8332014679908752
        ],
        [
          0.0,
          0.8369284868240356
        ],
        [
          0.0,
          0.8440725207328796
        ],
        [
          0.0,
          0.8827193975448608
        ],
        [
          0.0,
          0.8840045928955078
        ],
        [
          0.0,
          0.94912189245224
        ],
        [
          0.0,
          0.9573680758476257
        ],
        [
          0.0,
          0.9948762059211731
        ],
        [
          0.0,
          1.017776608467102
        ],
        [
          0.0,
          1.0238628387451172
        ],
        [
          0.0,
          1.041601300239563
        ],
        [
          0.0,
          1.0569874048233032
        ],
        [
          0.0,
          1.1141527891159058
        ],
        [
          0.0,
          1.1354707479476929
        ],
        [
          0.0,
          1.1479233503341675
        ],
        [
          0.0,
          1.1853930950164795
        ],
        [
          0.0,
          1.197663426399231
        ],
        [
          0.0,
          1.207092046737671
        ],
        [
          0.0,
          1.229661226272583
        ],
        [
          0.0,
          1.2504013776779175
        ],
        [
          0.0,
          1.5273669958114624
        ]
      ],
      [
        [
          1.975053310394287,
          2.0049281120300293
        ],
        [
          1.83452570438385,
          1.8815035820007324
        ],
        [
          1.5840795040130615,
          1.910475730895996
        ],
        [
          1.5826584100723267,
          1.7878577709197998
        ],
        [
          1.4699190855026245,
          1.9150084257125854
        ],
        [
          1.3742437362670898,
          1.6238453388214111
        ],
        [
          1.3666431903839111,
          1.5252995491027832
        ],
        [
          1.3136231899261475,
          1.8985484838485718
        ],
        [
          1.2069008350372314,
          1.2522363662719727
        ],
        [
          1.1900074481964111,
          2.0065226554870605
        ]
      ],
      [
        [
          2.0027689933776855,
          2.1510872840881348
        ],
        [
          1.9444704055786133,
          2.0770137310028076
        ],
        [
          1.6903513669967651,
          1.8587839603424072
        ]
      ]
    ],
    "dgm_ker": [
      [],
      [
        [
          1.6586507558822632,
          1.9021130800247192
        ]
      ]
    ],
    "dgm_cone": [
      [
        [
          0.0,
          0.1651710420846939
        ],
        [
          0.0,
          0.20816951990127563
        ],
        [
          0.0,
          0.28013551235198975
        ],
        [
          0.0,
          0.34627896547317505
        ],
        [
          0.0,
          0.40664589405059814
        ],
        [
          0.0,
          0.41931310296058655
        ],
        [
          0.0,
          0.4642399251461029
        ],
        [
          0.0,
          0.5366326570510864
        ],
        [
          0.0,
          0.5634757280349731
        ],
        [
          0.0,
          0.5641396045684814
        ],
        [
          0.0,
          0.5651317834854126
        ],
        [
          0.0,
          0.5804272294044495
        ],
        [
          0.0,
          0.6059426069259644
        ],
        [
          0.0,
          0.6224814057350159
        ],
        [
          0.0,
          0.6472533345222473
        ],
        [
          0.0,
          0.6606664061546326
        ],
        [
          0.0,
          0.662577211856842
        ],
        [
          0.0,
          0.715340793132782
        ],
        [
          0.0,
          0.8059864044189453
        ],
        [
          0.0,
          0.8332014679908752
        ],
        [
          0.0,
          0.8369284868240356
        ],
        [
          0.0,
          0.8440725207328796
        ],
        [
          0.0,
          0.8827193975448608
        ],
        [
          0.0,
          0.8840045928955078
        ],
        [
          0.0,
          0.94912189245224
        ],
        [
          0.0,
          0.9573680758476257
        ],
        [
          0.0,
          0.9948762059211731
        ],
        [
          0.0,
          1.017776608467102
        ],
        [
          0.0,
          1.0238628387451172
        ],
        [
          0.0,
          1.041601300239563
        ],
        [
          0.0,
          1.0569874048233032
        ],
        [
          0.0,
          1.1141527891159058
        ],
        [
          0.0,
          1.1354707479476929
        ],
        [
          0.0,
          1.1479233503341675
        ],
        [
          0.0,
          1.1853930950164795
        ],
        [
          0.0,
          1.197663426399231
        ],
        [
          0.0,
          1.207092046737671
        ],
        [
          0.0,
          1.229661226272583
        ],
        [
          0.0,
          1.2504013776779175
        ],
        [
          0.0,
          1.5273669958114624
        ],
        [
          0.0,
          null
        ]
      ],
      [
        [
          1.975053310394287,
          2.0049281120300293
        ],
        [
          1.83452570438385,
          1.8815035820007324
        ],
        [
          1.5840795040130615,
          1.910475730895996
        ],
        [
          1.5826584100723267,
          1.7878577709197998
        ],
        [
          1.4699190855026245,
          1.9150084257125854
        ],
        [
          1.3742437362670898,
          1.6238453388214111
        ],
        [
          1.3666431903839111,
          1.5252995491027832
        ],
        [
          1.3136231899261475,
          1.8985484838485718
        ],
        [
          1.2069008350372314,
          1.2522363662719727
        ],
        [
          1.1900074481964111,
          2.0065226554870605
        ]
      ],
      [
        [
          2.0027689933776855,
          2.1510872840881348
        ],
        [
          1.9444704055786133,
          2.0770137310028076
        ],
        [
          1.6903513669967651,
          1.8587839603424072
        ],
        [
          1.6586507558822632,
          1.9021130800247192
        ]
      ]
    ],