{
  "experiment_name": "circulo_en_toro",
  "n": 20,
  "dim": 2,
  "lipschitz_constant": 1.0,
  "X_shape": [
    10,
    3
  ],
  "Y_shape": [
    20,
    3
  ],
  "timestamp": "2025-11-21T16:37:21.972473",
  "cone": {
    "dgm_coker": [
      [
        [
          0.0,
          0.39413198828697205
        ],
        [
          0.0,
          1.111320972442627
        ],
        [
          0.0,
          1.4256354570388794
        ],
        [
          0.0,
          1.4829037189483643
        ],
        [
          0.0,
          1.6979886293411255
        ],
        [
          0.0,
          1.7221447229385376
        ],
        [
          0.0,
          1.801134467124939
        ],
        [
          0.0,
          2.0245614051818848
        ],
        [
          0.0,
          2.304347515106201
        ],
        [
          0.0,
          2.5068373680114746
        ]
      ],
      [
        [
          2.516735792160034,
          3.515450954437256
        ]
      ]
    ],
    "dgm_ker": [
      [
        [
          0.5618670582771301,
          0.6180340051651001
        ]
      ],
      [
        [
          1.84369695186615,
          1.9021130800247192
        ]
      ]
    ],
    "dgm_cone": [
      [
        [
          0.0,
          0.39413198828697205
        ],
        [
          0.0,
          1.111320972442627
        ],
        [
          0.0,
          1.4256354570388794
        ],
        [
          0.0,
          1.4829037189483643
        ],
        [
          0.0,
          1.6979886293411255
        ],
        [
          0.0,
          1.7221447229385376
        ],
        [
          0.0,
          1.801134467124939
        ],
        [
          0.0,
          2.0245614051818848
        ],
        [
          0.0,
          2.304347515106201
        ],
        [
          0.0,
          2.5068373680114746
        ],
        [
          0.0,
          null
        ]
      ],
      [
        [
          2.516735792160034,
          3.515450954437256
        ],
        [
          0.5618670582771301,
          0.6180340051651001
        ]
      ],
      [
        [
          1.84369695186615,
          1.9021130800247192
        ]
      ]
    ],
    "dgm_X": [
      [
        [
          0.0,
          0.6180340051651001
        ],
        [
          0.0,
          0.6180340051651001
        ],
        [
          0.0,
          0.6180340051651001
        ],
        [
          0.0,
          0.6180340051651001
        ],
        [
          0.0,
          0.6180340051651001
        ],
        [
          0.0,
          0.6180340051651001
        ],
        [
          0.0,
          0.6180340051651001
        ],
        [
          0.0,
          0.6180340051651001
        ],
        [
          0.0,
          0.6180340051651001
        ],
        [
          0.0,
          null
        ]
      ],
      [
        [
          0.6180340051651001,
          1.9021130800247192
        ]
      ],
      []
    ],
    "dgm_Y": [
      [
        [
          0.0,
          0.39413198828697205
        ],
        [
          0.0,
          0.5618670582771301
        ],
        [
          0.0,
          0.6180340051651001
        ],
        [
          0.0,
          0.6180340051651001
        ],
        [
          0.0,
          0.6180340051651001
        ],
        [
          0.0,
          0.6180340051651001
        ],
        [
          0.0,
          0.6180340051651001
        ],
        [
          0.0,
          0.6180340051651001
        ],
        [
          0.0,
          0.6180340051651001
        ],
        [
          0.0,
          0.6180340051651001
        ],
        [
          0.0,
          1.111320972442627
        ],
        [
          0.0,
          1.4256354570388794
        ],
        [
          0.0,
          1.4829037189483643
        ],
        [
          0.0,
          1.6979886293411255
        ],
        [
          0.0,
          1.7221447229385376
        ],
        [
          0.0,
          1.801134467124939
        ],
        [
          0.0,
          2.0245614051818848
        ],
        [
          0.0,
          2.304347515106201
        ],
        [
          0.0,
          2.5068373680114746
        ],
        [
          0.0,
          null
        ]
      ],
      [
        [
          2.516735792160034,
          3.515450954437256
        ],
        [
          0.6180340051651001,
          1.84369695186615
        ]
      ],
      []
    ],
    "missing": [
      [
        [
          "null",
          [
            0.0,
            Infinity
          ]
        ]
      ],
      [],
      []
    ]
  },
  "cone2": {
    "dgm_coker": [
      [
        [
          0.0,
          0.3941319780714927
        ],
        [
          0.0,
          1.1113209849361534
        ],
        [
          0.0,
          1.4256354879892976
        ],
        [
          0.0,
          1.4829037136229553
        ],
        [
          0.0,
          1.697988582871159
        ],
        [
          0.0,
          1.7221447436127693
        ],
        [
          0.0,
          2.0245613573598664
        ],
        [
          0.0,
          2.3043475306573264
        ],
        [
          0.0,
          2.506837340350273
        ]
      ],
      [
        [
          2.5167356870548563,
          3.5154510046598064
        ]
      ]
    ],
    "dgm_ker": [
      [
        [
          0.5618670543198228,
          0.6180339887498949
        ]
      ],
      [
        [
          1.843696999697352,
          1.902113032590307
        ]
      ]
    ],
    "dgm_cone": [
      [
        [
          0.0,
          0.3941319780714927
        ],
        [
          0.0,
          1.1113209849361534
        ],
        [
          0.0,
          1.4256354879892976
        ],
        [
          0.0,
          1.4829037136229553
        ],
        [
          0.0,
          1.697988582871159
        ],
        [
          0.0,
          1.7221447436127693
        ],
        [
          0.0,
          1.801134418321803
        ],
        [
          0.0,
          2.0245613573598664
        ],
        [
          0.0,
          2.3043475306573264
        ],
        [
          0.0,
          2.506837340350273
        ],
        [
          0.0,
          null
        ]
      ],
      [
        [
          0.5618670543198228,
          0.6180339887498949
        ],
        [
          2.5167356870548563,
          3.5154510046598064
        ]
      ],
      [
        [
          1.843696999697352,
          1.902113032590307
        ]
      ]
    ],
    "dgm_X": [
      [
        [
          0.0,
          0.6180339887498948
        ],
        [
          0.0,
          0.6180339887498948
        ],
        [
          0.0,
          0.6180339887498948
        ],
        [
          0.0,
          0.6180339887498948
        ],
        [
          0.0,
          0.6180339887498948
        ],
        [
          0.0,
          0.6180339887498948
        ],
        [
          0.0,
          0.6180339887498949
        ],
        [
          0.0,
          0.6180339887498949
        ],
        [
          0.0,
          0.6180339887498949
        ],
        [
          0.0,
          null
        ]
      ],
      [
        [
          0.6180339887498951,
          1.902113032590307
        ]
      ],
      []
    ],