{
  "experiment_name": "inclusion_punto",
  "n": 20,
  "dim": 2,
  "lipschitz_constant": 1.0,
  "X_shape": [
    1,
    2
  ],
  "Y_shape": [
    20,
    2
  ],
  "timestamp": "2025-11-21T15:28:30.410308",
  "cone": {
    "dgm_coker": [
      [
        [
          0.0,
          0.025383450090885162
        ],
        [
          0.0,
          0.0459320992231369
        ],
        [
          0.0,
          0.07263543456792831
        ],
        [
          0.0,
          0.07381603866815567
        ],
        [
          0.0,
          0.08583205938339233
        ],
        [
          0.0,
          0.0901142805814743
        ],
        [
          0.0,
          0.12288213521242142
        ],
        [
          0.0,
          0.1317768394947052
        ],
        [
          0.0,
          0.14569517970085144
        ],
        [
          0.0,
          0.16117025911808014
        ],
        [
          0.0,
          0.17644327878952026
        ],
        [
          0.0,
          0.18530888855457306
        ],
        [
          0.0,
          0.20011857151985168
        ],
        [
          0.0,
          0.20877103507518768
        ],
        [
          0.0,
          0.21325601637363434
        ],
        [
          0.0,
          0.22557860612869263
        ],
        [
          0.0,
          0.259229838848114
        ],
        [
          0.0,
          0.2809021770954132
        ],
        [
          0.0,
          0.29220256209373474
        ]
      ],
      [
        [
          0.29868489503860474,
          0.3259961009025574
        ],
        [
          0.2944957911968231,
          0.5529252290725708
        ]
      ]
    ],
    "dgm_ker": [],
    "dgm_cone": [
      [
        [
          0.0,
          0.025383450090885162
        ],
        [
          0.0,
          0.0459320992231369
        ],
        [
          0.0,
          0.07263543456792831
        ],
        [
          0.0,
          0.07381603866815567
        ],
        [
          0.0,
          0.08583205938339233
        ],
        [
          0.0,
          0.0901142805814743
        ],
        [
          0.0,
          0.12288213521242142
        ],
        [
          0.0,
          0.1317768394947052
        ],
        [
          0.0,
          0.14569517970085144
        ],
        [
          0.0,
          0.16117025911808014
        ],
        [
          0.0,
          0.17644327878952026
        ],
        [
          0.0,
          0.18530888855457306
        ],
        [
          0.0,
          0.20011857151985168
        ],
        [
          0.0,
          0.20877103507518768
        ],
        [
          0.0,
          0.21325601637363434
        ],
        [
          0.0,
          0.22557860612869263
        ],
        [
          0.0,
          0.259229838848114
        ],
        [
          0.0,
          0.2809021770954132
        ],
        [
          0.0,
          0.29220256209373474
        ],
        [
          0.0,
          null
        ]
      ],
      [
        [
          0.29868489503860474,
          0.3259961009025574
        ],
        [
          0.2944957911968231,
          0.5529252290725708
        ]
      ],
      []
    ],
    "dgm_X": [
      [
        [
          0.0,
          null
        ]
      ],
      [],
      []
    ],
    "dgm_Y": [
      [
        [
          0.0,
          0.025383450090885162
        ],
        [
          0.0,
          0.0459320992231369
        ],
        [
          0.0,
          0.07263543456792831
        ],
        [
          0.0,
          0.07381603866815567
        ],
        [
          0.0,
          0.08583205938339233
        ],
        [
          0.0,
          0.0901142805814743
        ],
        [
          0.0,
          0.12288213521242142
        ],
        [
          0.0,
          0.1317768394947052
        ],
        [
          0.0,
          0.14569517970085144
        ],
        [
          0.0,
          0.16117025911808014
        ],
        [
          0.0,
          0.17644327878952026
        ],
        [
          0.0,
          0.18530888855457306
        ],
        [
          0.0,
          0.20011857151985168
        ],
        [
          0.0,
          0.20877103507518768
        ],
        [
          0.0,
          0.21325601637363434
        ],
        [
          0.0,
          0.22557860612869263
        ],
        [
          0.0,
          0.259229838848114
        ],
        [
          0.0,
          0.2809021770954132
        ],
        [
          0.0,
          0.29220256209373474
        ],
        [
          0.0,
          null
        ]
      ],
      [
        [
          0.29868489503860474,
          0.3259961009025574
        ],
        [
          0.2944957911968231,
          0.5529252290725708
        ]
      ],
      []
    ],
    "missing": [
      [
        [
          "null",
          [
            0.0,
            Infinity
          ]
        ]
      ],
      [],
      []
    ]
  },
  "cone2": {
    "dgm_coker": [
      [
        [
          0.0,
          0.02538345078250291
        ],
        [
          0.0,
          0.045932097565393314
        ],
        [
          0.0,
          0.07263543531640786
        ],
        [
          0.0,
          0.07381603996668785
        ],
        [
          0.0,
          0.08583206092416244
        ],
        [
          0.0,
          0.09011428415344502
        ],
        [
          0.0,
          0.12288213855597414
        ],
        [
          0.0,
          0.13177683277120406
        ],
        [
          0.0,
          0.14569517449385674
        ],
        [
          0.0,
          0.1611702632339629
        ],
        [
          0.0,
          0.17644327655096917
        ],
        [
          0.0,
          0.18530889289019634
        ],
        [
          0.0,
          0.20011857736390287
        ],
        [
          0.0,
          0.20877103323210908
        ],
        [
          0.0,
          0.2132560173238988
        ],
        [
          0.0,
          0.22557860394035112
        ],
        [
          0.0,
          0.2809021902373507
        ],
        [
          0.0,
          0.2922025683776195
        ]
      ],
      [
        [
          0.29868488968458956,
          0.3259960897186255
        ],
        [
          0.2944957796785664,
          0.5529252259263797
        ]
      ]
    ],
    "dgm_ker": [],
    "dgm_cone": [
      [
        [
          0.0,
          0.02538345078250291
        ],
        [
          0.0,
          0.045932097565393314
        ],
        [
          0.0,
          0.07263543531640786
        ],
        [
          0.0,
          0.07381603996668785
        ],
        [
          0.0,
          0.08583206092416244
        ],
        [
          0.0,
          0.09011428415344502
        ],
        [
          0.0,
          0.12288213855597414
        ],
        [
          0.0,
          0.13177683277120406
        ],
        [
          0.0,
          0.14569517449385674
        ],
        [
          0.0,
          0.1611702632339629
        ],
        [
          0.0,
          0.17644327655096917
        ],
        [
          0.0,
          0.18530889289019634
        ],
        [
          0.0,
          0.20011857736390287
        ],
        [
          0.0,
          0.20877103323210908
        ],
        [
          0.0,
          0.2132560173238988
        ],
        [
          0.0,
          0.22557860394035112
        ],
        [
          0.0,
          0.2592298494791679
        ],
        [
          0.0,
          0.2809021902373507
        ],
        [
          0.0,
          0.2922025683776195
        ],
        [
          0.0,
          null
        ]
      ],
      [
        [
          0.29868488968458956,
          0.3259960897186255
        ],
        [
          0.2944957796785664,
          0.5529252259263797
        ]
      ],
      []
    ],