{
  "experiment_name": "inclusion_punto",
  "n": 50,
  "dim": 2,
  "lipschitz_constant": 1.0,
  "X_shape": [
    1,
    2
  ],
  "Y_shape": [
    50,
    2
  ],
  "timestamp": "2025-11-21T16:42:58.077856",
  "cone": {
    "dgm_coker": [
      [
        [
          0.0,
          0.013417924754321575
        ],
        [
          0.0,
          0.020603163167834282
        ],
        [
          0.0,
          0.025383450090885162
        ],
        [
          0.0,
          0.02749849110841751
        ],
        [
          0.0,
          0.03260989114642143
        ],
        [
          0.0,
          0.04031063988804817
        ],
        [
          0.0,
          0.04511522501707077
        ],
        [
          0.0,
          0.0459320992231369
        ],
        [
          0.0,
          0.05252031981945038
        ],
        [
          0.0,
          0.05473829805850983
        ],
        [
          0.0,
          0.056228019297122955
        ],
        [
          0.0,
          0.05649038404226303
        ],
        [
          0.0,
          0.06483843177556992
        ],
        [
          0.0,
          0.06715042889118195
        ],
        [
          0.0,
          0.07156022638082504
        ],
        [
          0.0,
          0.07263543456792831
        ],
        [
          0.0,
          0.07353747636079788
        ],
        [
          0.0,
          0.07381603866815567
        ],
        [
          0.0,
          0.07432670891284943
        ],
        [
          0.0,
          0.07768858969211578
        ],
        [
          0.0,
          0.08282951265573502
        ],
        [
          0.0,
          0.08583205938339233
        ],
        [
          0.0,
          0.08909619599580765
        ],
        [
          0.0,
          0.0901142805814743
        ],
        [
          0.0,
          0.0951332151889801
        ],
        [
          0.0,
          0.09606911242008209
        ],
        [
          0.0,
          0.09825121611356735
        ],
        [
          0.0,
          0.10269710421562195
        ],
        [
          0.0,
          0.1097046509385109
        ],
        [
          0.0,
          0.11048531532287598
        ],
        [
          0.0,
          0.11057878285646439
        ],
        [
          0.0,
          0.11370249092578888
        ],
        [
          0.0,
          0.11513107270002365
        ],
        [
          0.0,
          0.11757437884807587
        ],
        [
          0.0,
          0.11961713433265686
        ],
        [
          0.0,
          0.12287511676549911
        ],
        [
          0.0,
          0.12942472100257874
        ],
        [
          0.0,
          0.13682273030281067
        ],
        [
          0.0,
          0.1412881761789322
        ],
        [
          0.0,
          0.14130881428718567
        ],
        [
          0.0,
          0.14569517970085144
        ],
        [
          0.0,
          0.157746359705925
        ],
        [
          0.0,
          0.16423171758651733
        ],
        [
          0.0,
          0.16900670528411865
        ],
        [
          0.0,
          0.17644327878952026
        ],
        [
          0.0,
          0.17645514011383057
        ],
        [
          0.0,
          0.18071840703487396
        ],
        [
          0.0,
          0.18854182958602905
        ],
        [
          0.0,
          0.25522178411483765
        ]
      ],
      [
        [
          0.26778388023376465,
          0.31172555685043335
        ],
        [
          0.22308854758739471,
          0.2648327946662903
        ],
        [
          0.22254429757595062,
          0.23782292008399963
        ],
        [
          0.19977447390556335,
          0.20811687409877777
        ],
        [
          0.18815310299396515,
          0.2398063689470291
        ],
        [
          0.1856919825077057,
          0.3033617436885834
        ],
        [
          0.1810837984085083,
          0.2609579861164093
        ],
        [
          0.15370787680149078,
          0.16117025911808014
        ],
        [
          0.14875251054763794,
          0.21866704523563385
        ],
        [
          0.13889797031879425,
          0.15380695462226868
        ],
        [
          0.12392558157444,
          0.1317768394947052
        ],
        [
          0.10065940767526627,
          0.11314067244529724
        ]
      ]
    ],
    "dgm_ker": [],