{
  "experiment_name": "muestreo_random",
  "n": 20,
  "dim": 2,
  "lipschitz_constant": 1.0,
  "X_shape": [
    10,
    2
  ],
  "Y_shape": [
    20,
    2
  ],
  "timestamp": "2025-11-21T16:37:22.407818",
  "cone": {
    "dgm_coker": [
      [
        [
          0.0,
          0.025383450090885162
        ],
        [
          0.0,
          0.0459320992231369
        ],
        [
          0.0,
          0.07381603866815567
        ],
        [
          0.0,
          0.08583205938339233
        ],
        [
          0.0,
          0.0901142805814743
        ],
        [
          0.0,
          0.12288213521242142
        ],
        [
          0.0,
          0.1317768394947052
        ],
        [
          0.0,
          0.14569517970085144
        ],
        [
          0.0,
          0.16117025911808014
        ],
        [
          0.0,
          0.20877103507518768
        ]
      ]
    ],
    "dgm_ker": [
      [
        [
          0.259229838848114,
          0.3324059247970581
        ],
        [
          0.21325601637363434,
          0.35656219720840454
        ],
        [
          0.20011857151985168,
          0.28573063015937805
        ],
        [
          0.18530888855457306,
          0.2311173379421234
        ],
        [
          0.17644327878952026,
          0.23786693811416626
        ]
      ],
      [
        [
          0.5529252290725708,
          0.5657181143760681
        ]
      ]
    ],
    "dgm_cone": [
      [
        [
          0.0,
          0.025383450090885162
        ],
        [
          0.0,
          0.0459320992231369
        ],
        [
          0.0,
          0.07381603866815567
        ],
        [
          0.0,
          0.08583205938339233
        ],
        [
          0.0,
          0.0901142805814743
        ],
        [
          0.0,
          0.12288213521242142
        ],
        [
          0.0,
          0.1317768394947052
        ],
        [
          0.0,
          0.14569517970085144
        ],
        [
          0.0,
          0.16117025911808014
        ],
        [
          0.0,
          0.20877103507518768
        ],
        [
          0.0,
          null
        ]
      ],
      [
        [
          0.2944957911968231,
          0.3259961009025574
        ],
        [
          0.29220256209373474,
          0.37617722153663635
        ],
        [
          0.259229838848114,
          0.3324059247970581
        ],
        [
          0.21325601637363434,
          0.35656219720840454
        ],
        [
          0.20011857151985168,
          0.28573063015937805
        ],
        [
          0.18530888855457306,
          0.2311173379421234
        ],
        [
          0.17644327878952026,
          0.23786693811416626
        ]
      ],
      [
        [
          0.5529252290725708,
          0.5657181143760681
        ]
      ]
    ],
    "dgm_X": [
      [
        [
          0.0,
          0.07263543456792831
        ],
        [
          0.0,
          0.22557860612869263
        ],
        [
          0.0,
          0.2311173379421234
        ],
        [
          0.0,
          0.23786693811416626
        ],
        [
          0.0,
          0.2809021770954132
        ],
        [
          0.0,
          0.28573063015937805
        ],
        [
          0.0,
          0.29868489503860474
        ],
        [
          0.0,
          0.3324059247970581
        ],
        [
          0.0,
          0.35656219720840454
        ],
        [
          0.0,
          null
        ]
      ],
      [
        [
          0.37617722153663635,
          0.5657181143760681
        ]
      ],
      []
    ],
    "dgm_Y": [
      [
        [
          0.0,
          0.025383450090885162
        ],
        [
          0.0,
          0.0459320992231369
        ],
        [
          0.0,
          0.07263543456792831
        ],
        [
          0.0,
          0.07381603866815567
        ],
        [
          0.0,
          0.08583205938339233
        ],
        [
          0.0,
          0.0901142805814743
        ],
        [
          0.0,
          0.12288213521242142
        ],
        [
          0.0,
          0.1317768394947052
        ],
        [
          0.0,
          0.14569517970085144
        ],
        [
          0.0,
          0.16117025911808014
        ],
        [
          0.0,
          0.17644327878952026
        ],
        [
          0.0,
          0.18530888855457306
        ],
        [
          0.0,
          0.20011857151985168
        ],
        [
          0.0,
          0.20877103507518768
        ],
        [
          0.0,
          0.21325601637363434
        ],
        [
          0.0,
          0.22557860612869263
        ],
        [
          0.0,
          0.259229838848114
        ],
        [
          0.0,
          0.2809021770954132
        ],
        [
          0.0,
          0.29220256209373474
        ],
        [
          0.0,
          null
        ]
      ],
      [
        [
          0.29868489503860474,
          0.3259961009025574
        ],
        [
          0.2944957911968231,
          0.5529252290725708
        ]
      ],
      []
    ],
    "missing": [
      [
        [
          "null",
          [
            0.0,
            Infinity
          ]
        ]
      ],
      [
        [
          "null",
          [
            0.2944957911968231,
            0.3259961009025574
          ]
        ],
        [
          "null",
          [
            0.29220256209373474,
            0.37617722153663635
          ]
        ]
      ],
      []
    ]
  },
  "cone2": {
    "dgm_coker": [
      [
        [
          0.0,
          0.02538345078250291
        ],
        [
          0.0,
          0.07381603996668785
        ],
        [
          0.0,
          0.09011428415344502
        ],
        [
          0.0,
          0.12288213855597414
        ],
        [
          0.0,
          0.13177683277120406
        ],
        [
          0.0,
          0.1611702632339629
        ],
        [
          0.0,
          0.20877103323210908
        ]
      ]
    ],
    "dgm_ker": [
      [
        [
          0.18530889289019634,
          0.23111734009169585
        ],
        [
          0.17644327655096917,
          0.23786694207516118
        ],
        [
          0.20011857736390287,
          0.28573064038399687
        ],
        [
          0.2592298494791679,
          0.3324059233975209
        ],
        [
          0.2132560173238988,
          0.35656218366281833
        ]
      ],
      [
        [
          0.5529252259263797,
          0.5657180980920473
        ]
      ]
    ],