{
  "experiment_name": "producto",
  "n": 20,
  "dim": 2,
  "lipschitz_constant": 1.0,
  "X_shape": [
    20,
    2
  ],
  "Y_shape": [
    20,
    2
  ],
  "timestamp": "2025-11-21T16:42:58.097354",
  "cone": {
    "dgm_coker": [],
    "dgm_ker": [],
    "dgm_cone": [
      [
        [
          0.0,
          null
        ]
      ],
      [],
      []
    ],
    "dgm_X": [
      [
        [
          0.0,
          0.025383450090885162
        ],
        [
          0.0,
          0.0459320992231369
        ],
        [
          0.0,
          0.07263543456792831
        ],
        [
          0.0,
          0.07381603866815567
        ],
        [
          0.0,
          0.08583205938339233
        ],
        [
          0.0,
          0.0901142805814743
        ],
        [
          0.0,
          0.12288213521242142
        ],
        [
          0.0,
          0.1317768394947052
        ],
        [
          0.0,
          0.14569517970085144
        ],
        [
          0.0,
          0.16117025911808014
        ],
        [
          0.0,
          0.17644327878952026
        ],
        [
          0.0,
          0.18530888855457306
        ],
        [
          0.0,
          0.20011857151985168
        ],
        [
          0.0,
          0.20877103507518768
        ],
        [
          0.0,
          0.21325601637363434
        ],
        [
          0.0,
          0.22557860612869263
        ],
        [
          0.0,
          0.259229838848114
        ],
        [
          0.0,
          0.2809021770954132
        ],
        [
          0.0,
          0.29220256209373474
        ],
        [
          0.0,
          null
        ]
      ],
      [
        [
          0.29868489503860474,
          0.3259961009025574
        ],
        [
          0.2944957911968231,
          0.5529252290725708
        ]
      ],
      []
    ],
    "dgm_Y": [
      [
        [
          0.0,
          0.025383450090885162
        ],
        [
          0.0,
          0.0459320992231369
        ],
        [
          0.0,
          0.07263543456792831
        ],
        [
          0.0,
          0.07381603866815567
        ],
        [
          0.0,
          0.08583205938339233
        ],
        [
          0.0,
          0.0901142805814743
        ],
        [
          0.0,
          0.12288213521242142
        ],
        [
          0.0,
          0.1317768394947052
        ],
        [
          0.0,
          0.14569517970085144
        ],
        [
          0.0,
          0.16117025911808014
        ],
        [
          0.0,
          0.17644327878952026
        ],
        [
          0.0,
          0.18530888855457306
        ],
        [
          0.0,
          0.20011857151985168
        ],
        [
          0.0,
          0.20877103507518768
        ],
        [
          0.0,
          0.21325601637363434
        ],
        [
          0.0,
          0.22557860612869263
        ],
        [
          0.0,
          0.259229838848114
        ],
        [
          0.0,
          0.2809021770954132
        ],
        [
          0.0,
          0.29220256209373474
        ],
        [
          0.0,
          null
        ]
      ],
      [
        [
          0.29868489503860474,
          0.3259961009025574
        ],
        [
          0.2944957911968231,
          0.5529252290725708
        ]
      ],
      []
    ],
    "missing": [
      [
        [
          "null",
          [
            0.0,
            Infinity
          ]
        ]
      ],
      [],
      []
    ]
  },
  "cone2": {
    "error": "conematrix() takes from 3 to 4 positional arguments but 5 were given"
  }
}