{
  "experiment_name": "toro_proyecta",
  "n": 20,
  "dim": 2,
  "lipschitz_constant": 0.9999992528837333,
  "X_shape": [
    20,
    3
  ],
  "Y_shape": [
    20,
    2
  ],
  "timestamp": "2025-11-21T16:42:58.357944",
  "cone": {
    "dgm_coker": [
      [],
      [
        [
          0.7756386995315552,
          0.8497470021247864
        ]
      ]
    ],
    "dgm_ker": [
      [
        [
          1.3925241231918335,
          1.4028273820877075
        ],
        [
          1.3820563554763794,
          1.5018627643585205
        ],
        [
          1.3119596242904663,
          1.3126112222671509
        ],
        [
          1.17771315574646,
          1.182982325553894
        ],
        [
          1.1738828420639038,
          1.1905194520950317
        ],
        [
          0.8619897365570068,
          1.6337697505950928
        ],
        [
          0.8498527407646179,
          1.2650494575500488
        ],
        [
          0.7641894221305847,
          0.810147225856781
        ],
        [
          0.7564877867698669,
          1.0518337488174438
        ],
        [
          0.7550530433654785,
          0.7555198669433594
        ],
        [
          0.7491590976715088,
          1.5805131196975708
        ],
        [
          0.6306197047233582,
          1.1680748462677002
        ],
        [
          0.5231202840805054,
          0.6701210737228394
        ],
        [
          0.3785781264305115,
          1.2206242084503174
        ],
        [
          0.29182925820350647,
          1.082862138748169
        ],
        [
          0.2710738480091095,
          0.42862123250961304
        ]
      ],
      [
        [
          2.0771663188934326,
          2.174408435821533
        ],
        [
          1.8021879196166992,
          1.9764739274978638
        ],
        [
          1.7183952331542969,
          1.913321614265442
        ]
      ]
    ],
    "dgm_cone": [
      [
        [
          0.0,
          null
        ]
      ],
      [
        [
          1.5676244497299194,
          1.5706596374511719
        ],
        [
          1.4258941411972046,
          1.5621817111968994
        ],
        [
          1.3925241231918335,
          1.4028273820877075
        ],
        [
          1.3896061182022095,
          1.3932163715362549
        ],
        [
          1.3820563554763794,
          1.5018627643585205
        ],
        [
          1.3810951709747314,
          1.633416771888733
        ],
        [
          1.3119596242904663,
          1.3126112222671509
        ],
        [
          1.2204153537750244,
          1.6192747354507446
        ],
        [
          1.17771315574646,
          1.182982325553894
        ],
        [
          1.1738828420639038,
          1.1905194520950317
        ],
        [
          1.0077416896820068,
          1.4327661991119385
        ],
        [
          0.8619897365570068,
          1.6337697505950928
        ],
        [
          0.8498527407646179,
          1.2650494575500488
        ],
        [
          0.7756386995315552,
          0.8497470021247864
        ],
        [
          0.7641894221305847,
          0.810147225856781
        ],
        [
          0.7564877867698669,
          1.0518337488174438
        ],
        [
          0.7550530433654785,
          0.7555198669433594
        ],
        [
          0.7491590976715088,
          1.5805131196975708
        ],
        [
          0.6306197047233582,
          1.1680748462677002
        ],
        [
          0.5231202840805054,
          0.6701210737228394
        ],
        [
          0.3785781264305115,
          1.2206242084503174
        ],
        [
          0.29182925820350647,
          1.082862138748169
        ],
        [
          0.2710738480091095,
          0.42862123250961304
        ]
      ],
      [
        [
          2.0771663188934326,
          2.174408435821533
        ],
        [
          1.8021879196166992,
          1.9764739274978638
        ],
        [
          1.7183952331542969,
          1.913321614265442
        ]
      ]
    ],
    "dgm_X": [
      [
        [
          0.0,
          0.42862123250961304
        ],
        [
          0.0,
          0.6701210737228394
        ],
        [
          0.0,
          0.7555198669433594
        ],
        [
          0.0,
          0.810147225856781
        ],
        [
          0.0,
          1.0518337488174438
        ],
        [
          0.0,
          1.082862138748169
        ],
        [
          0.0,
          1.1680748462677002
        ],
        [
          0.0,
          1.182982325553894
        ],
        [
          0.0,
          1.1905194520950317
        ],
        [
          0.0,
          1.2206242084503174
        ],
        [
          0.0,
          1.2650494575500488
        ],
        [
          0.0,
          1.3126112222671509
        ],
        [
          0.0,
          1.3932163715362549
        ],
        [
          0.0,
          1.4028273820877075
        ],
        [
          0.0,
          1.5018627643585205
        ],
        [
          0.0,
          1.5621817111968994
        ],
        [
          0.0,
          1.5706596374511719
        ],
        [
          0.0,
          1.5805131196975708
        ],
        [
          0.0,
          1.6337697505950928
        ],
        [
          0.0,
          null
        ]
      ],
      [
        [
          1.8021879196166992,
          1.9764739274978638
        ],
        [
          1.7183952331542969,
          1.913321614265442
        ],
        [
          1.633416771888733,
          2.174408435821533
        ]
      ],
      []
    ],
    "dgm_Y": [
      [
        [
          0.0,
          0.2710738480091095
        ],
        [
          0.0,
          0.29182925820350647
        ],
        [
          0.0,
          0.3785781264305115
        ],
        [
          0.0,
          0.5231202840805054
        ],
        [
          0.0,
          0.6306197047233582
        ],
        [
          0.0,
          0.7491590976715088
        ],
        [
          0.0,
          0.7550530433654785
        ],
        [
          0.0,
          0.7564877867698669
        ],
        [
          0.0,
          0.7641894221305847
        ],
        [
          0.0,
          0.8498527407646179
        ],
        [
          0.0,
          0.8619897365570068
        ],
        [
          0.0,
          1.0077416896820068
        ],
        [
          0.0,
          1.1738828420639038
        ],
        [
          0.0,
          1.17771315574646
        ],
        [
          0.0,
          1.2204153537750244
        ],
        [
          0.0,
          1.3119596242904663
        ],
        [
          0.0,
          1.3810951709747314
        ],
        [
          0.0,
          1.3820563554763794
        ],
        [
          0.0,
          1.3925241231918335
        ],
        [
          0.0,
          null
        ]
      ],
      [
        [
          1.5676244497299194,
          1.6192747354507446
        ],
        [
          1.4258941411972046,
          2.0771663188934326
        ],
        [
          1.3896061182022095,
          1.4327661991119385
        ],
        [
          0.7756386995315552,
          0.8497470021247864
        ]
      ],
      []
    ],